,review,rating,sentimen
0,"warna:sesuai pesanan
tampilan:ok

saya sdh pesan 2 dan sesuai pesanan. amanah dan ok bgt",5,positif
1,"tampilan:barang nya ok,,gk tipis cuma ada noda du bagian celana depan dan belakang tpi gak papa,,lumayan lah buat sehari hari mah
warna:saya minta warna dusty pink tpi yg nympe lilac",1,negatif
2,"warna:navy
tampilan:oke

paket sudah sampai,bagus cuman tipis,ntar di rangkep kaos klo makai,terimakasih",5,positif
3,pesen nya warna coklat yg datang klu menurut sy si itu warna krem bukan coklat,1,negatif
4,"warna:abu

pesen warna abu yang dateng warna hitam",1,negatif
5,"tampilan:bagus
warna:sesuai",5,positif
6,warna:kecewa bgt mnta wrna merah dkirim ungu,1,negatif
7,barang bagusss. seller amanah. yg dikirim sesuai apa yang di pesan..... pengiriman cepatt sekali,1,negatif
8,"sepadan dengan uang:jelek kaya baju harga 10 ribuan

jangan mau beli baju di toko ini sumpah jelek banget kaya baju harga 10 ribuan, tipis banget dan gak amanah juga pesan warna abu yg di kirim warna dongker, masih mending walaupun kualitas jelek tapi warna sesuai jadi sedikit amanah.

buat kalian yg mau order disini mending gak usah kalau kalian gak mau nyesel",1,negatif
9,"saran tampilan:gdhd
kualitas:hs
styling:hd

yg d.pesan warna abu yg datang warna navy..ð
tdk ada konfirmasi dulu kalo barang.nya d.ganti",1,negatif
10,"styling:jelek tdk puas
kualitas:tidak bagus
pas untuk acara:enggak ada pantes  dipakai untuk acara",1,negatif
11,"kualitas:biasa
sepadan dengan uang : murah
kenyamanan : kekecilan untuk badan ku yang ukuran bb 67

kekecilan tidak muat untuk bb 67",1,negatif
12,"sepadan dengan uang:apaan sepadan
pas untuk acara:gak sesuai
styling:beda banget

kagak sesuai dengan model nya mana robek lagi bajunya",1,negatif
13,"sepadan dengan uang:iya
kenyamanan:kurang nyaman

katanya ld 115,tapi kenapa ya gak muat cardi nya, saya ld cuma 105 .
tolong perhatikan lgi ya, saya sudah nengok deskripsi sblum membeli tapi yg datang kekecilan",0,negatif
14,"kualitas:bahan tidak sama seperti di gambar

warna kurang pas pesan coklat datang coksu tapi tetap bagus suka kok",1,negatif
15,"saran tampilan:bagus
pas untuk acara:pergi saja
kenyamanan:nyaman bngt

bagus sesuai gmbar sesuai juga dengan harga y baju y muat celana y ketet bgt tp gpp lah bagus juga",1,negatif
16,"styling:lumayan

bahan tipis sesuai lah sama harganya..
pengiriman cepat
kurir ramah baik",1,negatif
17,gk sesuai warna yg di pesan....sangat buruk pengiriman jg lama.,-1,negatif
18,"kualitas:baik
saran tampilan:warna nya bukan maroon . tp merah biasa .",1,negatif
19,"kenyamanan:bagus
kualitas:baik
saran tampilan:mantap

salah warna nya tpi bgus",0,negatif
20,"sepadan dengan uang:lumayan sesuai harga
styling:kurang besar",0,negatif
21,"sepadan dengan uang:tidak
kenyamanan:tidak
saran tampilan:lumayan",-1,negatif
22,"pas untuk acara:-
saran tampilan:nerawang
kenyamanan:-",0,negatif
23,"saran tampilan:bugus
pas untuk acara:ap saja

bugus sih.. tpi kain nx tipis dan baju nx pendak lagi...",0,negatif
24,saran tampilan:tak sesuai dgn gambar sangat kacewa,0,negatif
25,barangnya sudah sampai kirain barangnya sama warnanya kayak di foto ternyata tidak,1,negatif
26,"kualitas:aku pesan,hijau,yg datng malah warna ungu",-1,negatif
27,"pas untuk acara:jelek
saran tampilan:jelek bahanya",-1,negatif
28,"saran tampilan:bagus
kualitas:bagus

apabila warna yang dipesan habis, segera konfirmasi lah, jangan asal kirim",1,negatif
29,"pesan warna apa dapatnya warna apa, padahal pesan warna navy dapatnya warna hitamð©",-1,negatif
30,"styling:pesanan sudah mendarat dengan selamat..
kualitas:hmmm kwalitas gak banget ð¤­
pas untuk acara:malu makai nya ð¤­",1,negatif
31,"sedikit kecewa di pesan abu2 kok yg datang warna hitam,",0,negatif
32,"kualitas:jelek
styling:jelek

tidak sesuai harga bahanx tipis dan jelek",-1,negatif
33,"kenyamanan:bahannya tipis terawang ð¤£
saran tampilan:celananya terlalu pas banget klau mau duduk takut sobek",0,negatif
34,"pas untuk acara:bagus
saran tampilan:bagus
kualitas:bagus

alhamdulillah amanah",1,negatif
35,"kenyamanan:tidak sesuai do gambar
sepadan dengan uang:kainya tipis, tidak sesuai dengan uang",0,negatif
36,hanya saja pengemasan nya berantakan didalem nya lipatan nya gak rapi,1,negatif
37,"kualitas:kain tipis
kenyamanan:kurang

pesanan gk sesuaið¢",1,negatif
38,"pas untuk acara:d rumah
kualitas:kurang tidak sesuai order warnanya

kecewa gk sesuai ekspetasi dan gk sesuai warna yg saya order",-1,negatif
39,bahan lumayan bagus tpi kecewa siii yg d psan warna army yg dtg mala warna ungu,0,negatif
40,mf baru kasih ulasan.bahan bagus.tar beli lgi,5,positif
41,"baju nya bagus banget, sangat pas, warna nya sesuai banget sama pesanan.... 
",5,positif
42,"real pic,,,bgusss bgd,,,kurir juga ramah,,mkcihh",5,positif
43,"barangnya sudah sampai dan bahannya baguss,  sesuai pesanankuðkurirnya ramah lagiðð",5,positif
44,kurirnya ramah,5,positif
45,"alhmdllh pesanan sy udh sampi, bahan bgs sesuai dgn gambar, kurirx ramah. mksh lazada. smg sllu lncr. ",5,positif
46,"bajunya bagus kakak nya ramah terimakasih lazada
",4,positif
47,baju x bagus realpic,5,positif
48,sesuai,5,positif
49,bagus terima kasih,5,positif
50,alhamdulillah sesuai harga cpt pengirimannya mksh lazada,4,positif
51,"bagus realpick,cuma kgedean...
tpi puas ko....",4,positif
52,"baju.y gede bgtttt, aq kira kyk toko sebelah,  tp ternyata baju.y itu bkn ukuran l tp kyk ukuran jumbo",3,negatif
53,bagus bahannya,5,positif
54,"bgus sih,, cba warnya ngk sesuai dgn gmbrnya",5,positif
55,kurang bagus,2,negatif
56,alhamdulillah s sampe pesanan,5,positif
57,gw sangat kecewa kurir kayak anjing gk ada ke sabaran kyk anjing gw males belanja di lazada ,5,positif
58,bajunya bagus,5,positif
59,"bajunya kegedeann,tapi bagus sih",5,positif
60,"bagus, sesuai dgn gambar",5,positif
61,"ga sesuai pesanan, pesan'y anha set tpi datang nya bukan ... gmn nch mengecewakan sekali",5,positif
62,barangnya bagus trima kasih lazada,5,positif
63,gak kecewa belanja ditokok ini semoga amanah yah ..,5,positif
64,"baju nya saya suka ððð , cuma pengirimannya saja yg lama.",5,positif
65,"gede banget bajunya 
malah harus di potong bajunya 
tapi barang nya okelah dengan harga segitu",5,positif
66,baju'a real pict abang kurir'a dah langganan makasih lazada,5,positif
67,baju nya ok bagus ..hanya kegedean buat saya ..jd hrus di kecilin dikit...g ap lah barang udh ok...,4,positif
68,bjunya bagus tp ke gedeanð¢,5,positif
69,bagus makasih baju nya tapi pengiriman nya lama,4,positif
70,barangnya mantap tapi kegedean ðð,5,positif
71,mantap baju by sesuai dengan keinginan ð,5,positif
72,sesuai pesanan makasi y ka,5,positif
73,barangnya udh nyampe bagus tapi besar banget makasih lazada,5,positif
74,bagus realpict bhan tebal warna sesuai cuman size nya gede ....,5,positif
75,"realpic bgt baju nya saya suka, cuman celana nya gede bgt.. 

makasih semoga sukses selalu.. ",5,positif
76,alhamdulillah baju nya sesuai,5,positif
77,lumayan harga segitu bundaku suka,5,positif
78,mantul bnget say,5,positif
79,"barang bagus, terimakasih ",5,positif
80,bagusssssð,5,positif
81,gede banget bajunya.. harus di rombak lagi deh.. but    baju nya ku suka ,5,positif
82,mf baru kasih ulasanðð. baju nya super mantaf bguss bngtt sya mau order lgiððððð,5,positif
83,"ok lah...,dpt bonus iner lagi terima kasih",5,positif
84,tidak mengecewakan... ,5,positif
85,barang sesuai pesanan...anakku suka sekali,5,positif
86,real pickððð,5,positif
87,"bagus banget kk , mf gk smpt motoin kk krna udah lnhlgsung diambil sma customer saya kk",5,positif
88,trmakasih paketan ny sdh smpe dn bgus dn mantap kurir ny . ok lazada trmakasih ððð,5,positif
89,bagus ka bajunya,5,positif
90,barang dah nyampe. ceper jg cuma 3 hari. bahannya panas. tp lumayan hanya saja celana kurang gede.,5,positif
91,alhamdulillah tidak mengecewakan barangnya bagus ,5,positif
92,"bagusss bngetttt, mantap, sukses trus buat tokonya....",5,positif
93,paket sudah sampai alhamdullilah bgus tapi celana besar bngt yaudah gppð,5,positif
94,barang bagus sesuai pesanan kurir nya baik banget,5,positif
95,mksh lazada...realpict.. ðð,5,positif
96,"paket saya sudah sampai...realpict ,cocoklah dengan harga",5,positif
97,makasih lazada barang bagus sesuai pesanan proses cepat kurir ramah,5,positif
98,kurir ramah barang bagus sesuai pesanan ,5,positif
99,"sya psen,nya milo ko yg datangnya dusty,,tpi gpp lah bju nya bgus ",5,positif
100,sesuai pesan'nð,5,positif
101,mantap ððð,5,positif
102,"paket dteng .
puas, ukuran nha pas ....
",5,positif
103,bagus sesuai sama harga.....bahan ok.,5,positif
104,bajunya bagus sekali,5,positif
105,"realpict, sy suka mkasih lazada ",5,positif
106,bgs bgt.....sayang y aq gak bs unggah foto knp yah setiap ngsh ulasan gak bs ksh foto....ð¤¦ð¤¦,5,positif
107,"udah belanja yg ke 2x,, mantaapp ga kecewa..",5,positif
108,kecewa bahan tipis,2,negatif
109,kecewa bahanx tipis sekali,2,negatif
110,kebesaran ,2,negatif
111,"paket da d terima tapi kecewa, jaitan tidak rapi, benang panjang tidak d potong dan bahan panas murahan",5,positif
112,"bintanya sya kurangi ya, karna aga kcewa bajunya ada noda hitam,, tidak bisa d cuci karna ada minyakâ²nya sprti dri bkas msein",4,positif
113,"pengiriman lama bangett, bajunya gede banget muat bb 70'n",3,negatif
114,warna'ny beda jauh bgt sma yg di gambar,3,negatif
115,ok,5,positif
116,"barang ok
",5,positif
117,bgusss,5,positif
118,bagus ,5,positif
119,alhamdulillah barang nya bagus ,5,positif
120,bagus..,5,positif
121,ð,5,positif
122,good,5,positif
123,mantul,5,positif
124,okeeee,5,positif
125,bgs,5,positif
126,realpich,5,positif
127,bagus ,5,positif
128,syuka tpi psen warna mika semu yg dtg 2 warna,5,positif
129,saya pesan wrna army knp yg dtng warna pink,5,positif
130,tipis banget bahan nya kirain agak tbal ,3,negatif
131,bintang yg berbicarað,3,negatif
132,"brang nya udah nyampe terima kasih..
pengiriman nya sangat lama bngtt la",3,negatif
133,"alhamdulillah brang sesuai pesanan..mksh lazada
",5,positif
134,bahannya baguss,5,positif
135,bagus banget bju nyhð,5,positif
136,brang dah nyampe sya kecewa brangnya kurang bagus,3,negatif
137,bajunya gede banget jadi gak bisa di pake harus di kecilin dulu..ð,5,positif
138,kurang memuaskan,5,positif
139,"bajunya bagus,,cuman rempel nya gak kelihatan ,,cuma sedikit",3,negatif
140,bju ga sesuai poto bhan panaas ,2,negatif
141,bagus proses cepat kurir baik,3,negatif
142,"saya sangat kecewa udah kainnya panas kalu dipakek,,,gak sesuai dg harga",5,positif
143,kebesaran... kepanjangan.. ,3,negatif
144,barang tidak sesuay sama sabek lain kali di perhatikan,1,negatif
145,kecewa  bangettt ð­ð­,1,negatif
146,gak sesuai apa yg di pesan kecewa,5,positif
147,bagus,5,positif
148,ð,5,positif
149,bgus,5,positif
150,bagus ,5,positif
151,kebesaran,5,positif
152,"seler respon cepat
kwalitas ok
baru pesen hari selasa hari rabu uda sampai
kurir langganan
lazada mantap",5,positif
153,pengiriman cepat skali.mlm pesan bsok barang datang.baju real pict.bahannya stretch(melar) dan halus,5,positif
154,"wajib langganan sih ini... pengiriman kilat,  seller supperrr ramahh.. bahan bagus tebal adem... suka bgt",5,positif
155,bhannya adem bengt... melar lg... dah beberapa beli  semua pas bngt... mksh lazada n snowshop.. berkh ya bt kalian,5,positif
156,saya jadi curiga sama aplikasi lazada.. sudah 2x saya kasi ulasan yg sedikit kecewa tidak ditampilkan... sementara kalau ualasan yg memuji tidak pernah gagal tampil... kenapa ya?????? screen shot diatas adalah buktinya...  pelanggan tidak memberi ulasan katanya.. padahal saya sudah capek capek ketik huruf demi huruf panjang x lebar... ujung2nya disensor.... tidak per..,3,negatif
157,"mf br smpt kasih ulasan
bjunya real pic  .bgus bgt tdak kcwa order d tko ini
brgnya cept nyampai
bang kurirnya sdh langanan yg sllu antr k rmh 
ramah .next order lgi ",5,positif
158,g berani buka coz buat cust q... kyaknya realpick.. pengiriman cpt bgt order malam pagi da nyampek...kurirnya jg rama n ngasih info klo brg dtg....,5,positif
159,paket'y udh sampe.pngiriman cpt bgt.paking'y juga rapih.barang'y realpic.bahan'y adem bgt aku syukak wlpun buat my moms pasti bakal syukak.pkknya puas.thanks lazada thanks seller semoga ttp amanah.ð,5,positif
160,"barangnya bagus, adem,lentur. walaupun pernah kecewa paket ilang alhamdulillah ada obatnya barang baruðð. semoga jadi langganan pertahankan kualitasððð",5,positif
161,"alhamdulilah..paket da sy terima,maaf telat ksih ulasn.bajunya baguuuss,bahan adem,jahitan rapi.pokoke gk kecewa blnja ditoko ini.smga slalu amanah y.pasti nex blnja trus disini.kurirnya baik dan ramah.terimakasih bwt lazada..",5,positif
162,"masya allahallah' baru kali ini belanja online bagus sesuai pesanan/gambar'. kadang di toko lain gak sesuai harapan,, ini mah amanah bangetbanget toko nya respon juga cepat..mas kurir juga ramah udh langganan..semoga sukses selalu buat toko nya.bakal jadi langganan ini mah.'!!? ",5,positif
163,real pic muachhh makasih lazada,5,positif
164,"alhamdulillah barang dah nyampe, bagus pas di badan saya sesuai dengan pesanan, pokok nya mantap sukses terus lazada pertahanan kan kualitas nya ððð",5,positif
165,"makasih seler bajunya suka bangt,,, bagus sesuaiii gambar pokonya puas,,,,,bahannya adem d pakenya. kurirnya ramah",5,positif
166,maaf lama penilainya.  harga produk baik pengirimn jg baik maksi sudah bkrja sm dngn baik.. ttp jdi langgann ya,5,positif
167,"terimakasih barang nya sudah sampai dengan baik,,gamisnya bagus sesuai harga,,kurirnya juga ramah terimakasih lazada
",5,positif
168,"alhamdulillah kakak saya sangat suka dengan bajunya, gak sia2 saya ngasih hadiah baju itu sama kakak saya, ",5,positif
169,"kurir ramah, bhan adem dan halus, klo putih harus tetep pake dobelan daleman krn agak nrawang tpi tetep bagus",5,positif
170,alhamdulillah paket udah nyampe..barang real pect packing'y juga rapi n kurir'y jg udah langganan...terima kasih lazada,5,positif
171,real pick bahannya adem walaupun tipis tapi tidak menerawang intinya good job ð dan untuk kurir mas rully makasih jadi langganan dan makasih juga untuk sellernya yg kirim sesuai pesanan.,5,positif
172,alhmdlh real pict ga kecewa .... pengiriman cpt trus kurir ny ramah. buat seller nya juga cepet tanggap ny ma konsumen pertahan kan ny ....ga nyesel blja di snowshop,5,positif
173,maaf baru kasih ulasan  yg pasti aq suka bajuy sesuai gambar ,5,positif
174,baju bagus.... selller nya amanah,5,positif
175,"oke banget,,custamer sy seneng banget..thanks to kurir yg dah jdi langganan...mksh lazada,n toko semoga sukses sllu..",5,positif
176,alhamdulilah paket dah sampe..bahan nya tebel n  adeeeem..sesuai gambar..pokok nya mantul deh..kurir nya juga baik thanks seller n lazada..bakal langganan lagi neh,5,positif
177,"alhamdulillah da sampai barang nya,masukan saja klau bisa estimasi kirim barang nya di percepat donk",5,positif
178,"alhamdulillah paket nya sudah datang
kualitas bagus, sudah 2 kali order gk pernah kecewa, ððthaks lazada, makasih juga buat abg kurirnya",5,positif
179,"mantef riel pic banget bhn adem pelangganku puas banget,, kurir super ramah lagi2 puas blnja di lazada.. thank you pengiriman juga cepat ",5,positif
180,"makasih barang sampai  dan sesuai dengan gambar,warnanya sama dengan pilihan saya,pokokny pas.pertahanin jngan smpai pelanggan kecewa ..",5,positif
181,"pkoe gk pernah nyesel atau kecewa dech,,udh berkali2 pesen tp ttp amanah dn memuaskn,i love sellerku,,dn mksih lazadað¥°ð¥°ðððð",5,positif
182,"bajunya sangat jelek,sais xl cukup dipakai anak anak.bawahanya cupet / sempit .intinya saya amat kecewa prodok lokal yg ngak bermutu.masa kalah sama produk impor,diskon besar tapi bajunya masih bagus baju di loakan samping rumahku",5,positif
183,alhamdulillah brangnya udah dtang kmarin maaf bru skrang bisa konfir .suka banget brangnya sesuai d gmbarnya dan pngriman cepat. ,5,positif
184,"ma'af baru ngsih ulasan. bener""cantik bajux q suka bgt. pokokx top markotop. kurir jg baik. emang toko yg amanah deh",5,positif
185,"paket dah sampai, realpick bagus banget jg cepat, sasampai anaknya ikutan coba, seller nya amanah, respon sngt cepat, pengirimanya rekomendasikan ntuk blanja disini, ga prnh kecewa, makasih buat seller makasih jg lazada",5,positif
186,"kalau untuk yang ini, ngk bisa berbicara apa2,ngk pernh kecewa dan ini pemesanan yang kesekian kali nya.... bagusððð",5,positif
187,sangat bagus sesuai pesanan dan realpict,5,positif
188,alhamdulilah sesui gmbar mksh kkð,5,positif
189,bajunya bagus sekali sesuai pict penjual amanah bahan bagus adem ibuku sangat suka trimakasih seller karna udah amanah,5,positif
190,maaf baru ngasih ulasan.. terimakasih barangnya bagus bangetðð¤ tapi ada yg sedikit cacat bagian kerudungnyaâ¹ï¸ ngga masalah lain kali barang dicek lagi kak.. semoga bakal jadi langganan pertahankan kualitas nya yaðmakasih buat abang kurirnya ð,5,positif
191,gamis nya bagus bgt jaitan rapih tebel aku suka dan puas bgtððð pas ada diskon lg makasih selalu utama kn kualitas,5,positif
192,maaf brubksi tau...paketnya udh dtng bju nya sangat bagus pas d badan saya...bahan nya juga adem d badan bagussssssssssss banget saya suka....terima ksi mas kurir terlah ngirim paket saya...mas kurir nya baik hti tidak sombong ramah terima ksi,5,positif
193,"keren baju bagus adem tebal,order lagi8pcs",5,positif
194,"gamisnya bagus.. sesuai gambar.. cuma udah 3 x pesan kok kependekan semua yaaa...apa akunya yg ketinggian,,,tapi sejauh ini aku puas belanja di lazada.. tingkat kan terus kualitas nya",5,positif
195,bagus bajunya sesuai keingonan,5,positif
196,"bajunya bagus tp kok xl kecil y,,apa g salah kirim barang y ðªðªðªðª pdhl yg bli gamis ini badanya gede ð­",5,positif
197,"assalamualaikum ka . alhamdulillah gamis ny  udh nyampe bagus bgtt , harga murah, pengiriman super cepat ..
trimakasih kurir n lazada ..ð
next order lgi ",5,positif
198,mantulll banget saya udah beli 34 biji buat sragam pengajian,5,positif
199,"alhamdulillah barang sudah sampai sesui pesanan 
bahan nya adem nyaman dipakai  ukuran pas  kurir nya ramah terima kasih lazada ",5,positif
200,"untuk bahan bagusss banget adem, enak dipake pas buat ditubuh mamah saya.  terimakasih kepada lazada semoga kedepannya smkin maju dan sukses. 
",5,positif
201,alhamdulilah barang dah sampe cepet bgt dtng nya pagi order bsk siang nyampe barang sesuai gambar tq lazada,5,positif
202,"alhamdulilah paket sudah sampai, realpict
makasih lazada dan seller... pertahankan kualitas dan kejujuran",5,positif
203,mksh seller baju nya mantap bgt sesuai diskripsi dan harga flash sale mmg dinanti2 spt diriku iniðððmksh ganðð»ðð»ðð»,5,positif
204,"alhamdulillah realpict, seller yg amanah, bhan adhem dn pas di akunya, makasih wt seller, kurir yg baik n sukses wt lazada",5,positif
205,"suka banget gamisnya, simpel dan elegan.... kalau ada rezeki lagi mau order gamisnya, semoga kualitasnya tetap terjaga...",5,positif
206,maaf baru kasih ulasan suka banget sama baju nya realpict kurir nya udah langganan pengiriman ku thanks lazada semoga sukses selalu ðâºâºâºððð,5,positif
207,"brang nya udah sampai, lumayan buat harga segitu mh...bhan nya adem,, sesuai dengan yg d gambarðð» pertahan kn trus kualitas & kepuasan pelnggan yg utama, kurir nya udah langganan juga baik ramah, poko'a mkasih seler mkasih lazada,mkasih kurir..",4,positif
208," baru kasih ulasan,bajunya ok bahanya adem pas d badan saya,pengemasan rapih tapi sayang saya aga sedikit kecewa bajunya ada yg bolong ðð",3,negatif
209,alhamdulillah paket datang sesuai estimasi.bajunya rielpick tp agak menerawang yðsesuai harga.smuanya ok.trimakasih lazadaa,5,positif
210,"paketx sdh aq trima,gamisx sngat chantik,jahitanx sangat rapi,pas di badanku tdk sempit & tdk longgar sngat tdk mengecewakhan,kurirx sngat ramah",5,positif
211,bajuc bagus.real....pengiriman cepat...mksih lazada..,5,positif
212,"barang bagus, ini orderan yg  ke 2 x nyapesen ukuran xl tp kok kecil ya , 
maunya yg ld.120 belum melar. semoga nanti ada yg lebar dada 120cm",5,positif
213,terimakasih paket ny udh dtang..baju ny bagus bhan ny juga adem,5,positif
214,bagus pokok nya tidak mengecewakan...tq lazada n seller...,5,positif
215,"baju nya bagus dan bahan nya  juga adem tapi sayang ada noda hitam di baju segaris,,, karena sy pesan warna  putih  jadi kelihatan,,, thanks. ",4,positif
216,"istri saya seneng kiriman barangnya top markotop,,,mantul dech buat lazada dan kurirnya",5,positif
217,"mf bru ksih ulasan,bju na mntul bget, mksih lazada.
",5,positif
218,"paket dah sampai..ðbarang real pick kak
mkasih untuk lazada dan sellerðð
sy puas dgn pesanan nya
lain kali bakal order lgð¤
",4,positif
219,"alhamdulillah gamis na dah dteng td siang...
cmn slah ukuran ajh, hrus na xl yg dteng l...hehe
jd agk seret/gk muat di ibu q...tp gpp c krna ibu q suka kata ne bahan na bgs adem...
tq buat seller, tq jg buat lazada n bp kurir na. ",5,positif
220,"meluncur dgn sempurna,paket rapi.pesanan nya amanah bgt,baju nya bagus bingit,thanks lazada, thanks utk kurirnya ð",5,positif
221,"brng smpai 3hr dr pemesanan.kurir ramah.tp sayangnya bju'y ngatung&kekecilan.sy pesankan xl  ko kecil yað¤ð,jd baju'y dipakai anak sy yg br kls 5ð alhamdulillah muat sm anak sy,bahan adem&hijab bgsð.maaf sy ksh bintang 4ð",4,positif
222,"alhamdulillah paket datang dengan selamat, baju nya bagus bgt, kurir ramah, poko nya mantul,  trimakasih buat toko dan lazada, suksws trus ya",5,positif
223,"warna pink nya ga terlalu terang tp belum dibongkar semua semoga ga ada yg cacat, agak kurang suka karena ada list hitam dikerudungnya",5,positif
224,motif krudung sh bagus tp bahan jelek tipis bngt. d pke'a teransparan bngt.  baru kali ini belanja kecewa bngt.,2,negatif
225,bajunya baguss aku sukaaa..  pengirimannya juga cepat..  tnx lazada. tnx kurir tnx shop,5,positif
226,"maaf br ksh ulasan skrg.bajunya sdh dtg,kainnya jg dingin.realpick sesuai gambr.mksh buat tokonya,mksh jg lazada.bg kurirnya jg ramah",5,positif
227,alhamdulillah paket sudah di terima... puas banget dgn bajunya... terimakasih lazada dan seller...kurir udh langganan ððð,5,positif
228,"aq suka banget, bahan nya tebel, ga nyesel aq belanja di toko ini dan pengiriman nya cepet bnget",5,positif
229,mantul pokoknya dengan harga segitu.makasih _snowshopkita,5,positif
230,bgus...enak dpkai..kainnya dingin,5,positif
231,puas banget bahan nya adem banget puaslah dengan harga segitu makasih lazada makasih seler semoga terus amanah ,5,positif
232,"pengiriman cepat, baju tebal",5,positif
233,trimakasihhhh. brg oke dahhh,5,positif
234,barang realpict..bagus bahan adem...,5,positif
235,"bgs bhnx,realpic",5,positif
236,"bagus banget,, aku suka... bahan adem
makasih seller bkl jd langganan nih,kurir uda langganan",5,positif
237,maksih lazada bju ny mntul bngt pus deh  mu pesen lagi dua ,5,positif
238,bagus.oke.real picture,5,positif
239,barang bagus adem,5,positif
240,express. pelanggan saya senang sesuai pesanan ,5,positif
241,"waw bagus bgt,,realfic sesuai pesanan,,pokonya puas deh ga nyesel belanja disini",5,positif
242,bahan tipis siih..tpi bagus lah sesuai denhan harga segitu,5,positif
243,"brangx bgussss,,,,,,sy ska....
mksih lzda,,, mksih kurirx ",5,positif
244,bajunya bagus bahannya adem tp agak tipis tp gpplah bagus jg ,5,positif
245,bagus pas d badan sesuai pesanan terima kasih... ,5,positif
246,"top markotop ! bajunya bagus bangett ,, baru kali ini beli baju di pakainya pas bangett ! ga perlu di permak lagi ðâºï¸",5,positif
247,pketny dah nympe thnks lazada?,5,positif
248,terima kasih lasada paketannya udh sampai tadi siang semoga istriku suka dan cocok dan terima kasih buat snowshop ini bisa buat nex kedepannya gw entar pesan lgi.....,4,positif
249,bagus ,5,positif
250,real pict bahan bagus. adem pula. ,5,positif
251,"alhamdulillah jilbab nya sdh keterima dg baik, sesuai real pict,nanti mau pesan lagi, thanks lazada,kurir nya juga baik ",4,positif
252,makasih bajunya bagus bnget sesuai dg harga nya ok deh ð,5,positif
253,"ya alloh baju nya buaguuus banget dengan harga murah dapet baju sebagus ini mksh lazada mksh mang kulir poko nya puas deh insya alloh klo dah puya duit mu beli lagi ini juga bukan ya ga puya duit duit mh ada cuma buat beli berasððð maap ya muka ya ga cantik soal ya blum mandeððð
",5,positif
254,"baju bagus, sesuai harga",5,positif
255,"terima kasih barang dtg sesuai gambar
aku suka bgt. pertahankn kurirnya sgt sopan 
terima ksh lazada",5,positif
256,"pokokx seneng banget, real pict dech pkokx. gk nyesel belanja ditoko in.next time order lagi. pokokx mantap markotop ð¥°ð¥°ð¥°ð¥°",5,positif
257,"bajunya bagus pas bngt dibadan ,tpi ko rendanya putih,pinggiran jilbab lisnya wrna abu2 ya...

..",5,positif
258,"baju nya sesuai tebal n cantik terimakasih lazada.
n toko nya semoga lancar n sukses trus amin",5,positif
259,topp baju nya baguss bgttt buat harga segitu... ,5,positif
260,sdh 3 kali saya belanja di toko ini.. gk bikin kecewa.. bagus bnget.. puas pokok nya,5,positif
261,baju nya bagus bnget bahan ok saya suka sekali,5,positif
262,"kereenn,  puas bnget blnja 2x order g prnh kecewa ",5,positif
263,alhamdulilah paketan ny udh sampe kulir ny ramah.. bju ny bagus dan pad di saya mksih,5,positif
264,"paket mendarat dg baik,kurir ramah banget  , berang memuaskan mksh lazada",5,positif
265,"maaf lama kasi ulasanya, puas bget bhanya bgus nyman di pakek, trimakasi lazadaðð»",5,positif
266,baju ny cantik semua.......,5,positif
267,mantull bangett bgs mksh lazada mksh ma kurirnya jd pengen ngorder lg,5,positif
268,"terimakasih...
paketx dh sampai..",5,positif
269,"alhamdulillah...
kesan pertama na besttttt 
proses pengiriman cepat sekali
packing na jga rapi 
semoga makin maju dan berjaya y sist toko na aamiin
pokok na senang dan puas bgt ð",5,positif
270,"pokoknya mantap, sudah belanja 3 kali ditoko ini selalu memuaskan. semua sesuai pesanan, terima kasih selera dan lazada semoga sukses.",5,positif
271,"bgus kok bjunya, maaf bru ksi ulasan. warna cantik dan sesuai pesananku.mkasih utk seller,lazada jga mas kurir.",4,positif
272,bagus baju gamis dan hijab nya.. makasih bun sesuai pesanan.. pertahankan terus kepercayaan konsumen.. selalu rezekinya lancar.. aamiin.. ðthe best seller..,5,positif
273,"bajunya baguuus.....bahan adem..... harga bersahabat....triims utk lazada,seller&kurir....maaf baru kasih ulasan.

.",5,positif
274,"alhamdulillah pesan an q da dtng lbih cpt dri perkiraan kmrin sore pesen hri ni sdh dtng, bju y pun bgus bngt sesuai dgn gmbar tpi syng yg ukuran xl y kcil gk muat dibdan mertua q, mala muat dibdan q yg bb y 60.tpi gpp aq puas bngt dngn baju y. kurir y jga baik bngt ",5,positif
275,"alhamdulilah barang ny udah nyampe..bahan ny bgus pas di badan ku..mksih ea tuk lazada mudah""an lbih lncar lgi..amienn..kurir ny baik..",5,positif
276,"sukaaaaaa,,,adem bahan nya,,pas juga di badan,,ððð next order lagi ah,,datangnya pun cepet ngga sampai waktu estimasi",5,positif
277,"sbnernya ini paket udah saya bataln knpa msih aja di kirim?ð baju nya real pict, cuma kekecilan bngt ke badan nya sayað, ya udah lah trima kasih lazadaðð»ð",5,positif
278,"gamis bgs wrn sesuai pesananan,cm sayang sedikit,pesen uk l sm xxl,yg di terima l sm xl, mksh buat abang kurirnya...",4,positif
279,harga sngat istimewa tapi bgus bhan adem melar cuma kurang tebal jdi nrawang.tpi mntul 5 bintang buat lazada 5 bintang buat mas kurinya 5 bintang buat tokonya mantuuullll ni lgi peasan lgi 6 lgi dgn warna yg berbedaâ ,5,positif
280,saya pesen 2 dateng barang nyh cuma 1 . sya minta d kirim yg satu lagi nyhhh.   . . sya udah byar 2 barang.   .  ,5,positif
281,alhamdulillah...gamis nya udh dateng bagus bgt dan sesuai gambar puas belanja di toko ini untuk pak kurirnya makasih bnyak,5,positif
282,"bagus bajunya cuma warnanya beda,  ukuran l tapi kayaknya kecil ga tau deh muat apa ga buat mmah, semoga muat ya ",4,positif
283,"paketnya udh sampe....alhamdulillah bajunya bagus banget warnanya aku suka.....semoga aj yg mau belinya juga suka ð
bang kurir maksih ya.


",5,positif
284,makasih lazada barangnya udah dateng pokoknya ga akan nyesel belanja di roko.ini orangnya amanah barangnya sesuai gambar pas lagi di badannya kulirnya jga ramah dah langganan ððð,5,positif
285,paket nya sudah sampai suka bnget sma gamis nya bahan nya juga adem enak di pake nyað» .. mkasihh seller sukses slalu ð,5,positif
286,"alhamdulillah barang dah sampai dengan baik, respon nya cepat tanggap,dah order yang ke 2,pas sesuai dengan pesanan, makasih buat kurir nya , sukses terus snowshop, pertahankan kualitas nya good ðððððððððððððððððð",5,positif
287,"bagus bahan,y adem model,y jg bagus bangt...mudah""an ibu sy suka soal,y mau d kirim k kmpung
kpn"" order lgi buat sy kurir,y sopan udh lnggnan termkasih semuanya",5,positif
288,"mf bru ksh ulasan,paket mendarat dngn selamet tp sayang bahan y tipis bngt smpe tembus pandangð tp lumayan jg lh buat harga segitu mh buat kurir y udh langgananð",5,positif
289,"allhamdulilah,, super riel fic 
bahan nyah bagus jersey kesukaan
terimakasih banyak kk lazada ðð
kurir nyah baik ramah ",5,positif
290,alhamdulilah pengiriman cepat .alhamdulilah sama yg di psen wrna nya realpict adem bahan nya ...alhamdulilah ibu saya suka ,5,positif
291,"gamisnya mantuuullll....bahan adem dan jatuh....pas di badan...warna pun sesuai dengan pesanan..pengiriman cepat...thanks seller dan lazada..semangat terus bt bapa kurir...
",5,positif
292,terimakasih laza,5,positif
293,bagus..bahan adem bgttð,5,positif
294,bahan bagus dan sesuai sma yg di foto pengirimanya sangat cepat dan pak kurir sealu ramah ...tans lazada tans jga buat selernya,5,positif
295,cantik..... realpick makasih ya?,5,positif
296,alhamdulillah bjnya bagus warna sesuai permintaan modelnya jg sesuai gambar bhnnya adem good job mksh lazada reseler dan abng kurirnya ðððð,5,positif
297,real pick.bhn ny adem pas bgt..udh 3 kali ny blnja di sini pokok nya top dech..pertahanin nya seller..mksih lazada pengiriman nya cepatt..tp warna nya beda y sma yg di gambar..tp ga apa2 lahððð,5,positif
298,"gamis ny cantik aq suka,terima kasih aq mau pesan lagi",5,positif
299,makasih puas banget belanja d lazada tidak mengecewakan sama sekalii ,5,positif
300,"barang nya bagus, sesuai pesanan. 
maaf telat ngulas nya.. mksh lazada.. ",5,positif
301,"kainnya mantap, jilbabnya jg oke.. g nyesel beli disini..",5,positif
302,mksi lazada barangnya udh sampi sesuai pesanan,5,positif
303,alhmdulillah sy puas bgt dngn brang ny...mksih lazadað,5,positif
304,barang ok pekingvrapih pokonamah alus lah teng you lazada,5,positif
305,"alhamdulillah barangnya bagus ðð , pengiriman  cepet, thanks kak, lazada , sama abg kurirnya",5,positif
306,kok kya gini ya kak bajunya,5,positif
307,"alhamdulilah mmahku suka bajunya,dan juga bagus sekali,belanja di lazada selalu memuaskan.barang bagus,kiriman cepat,dan kurirnya juga sopan dan baik.",5,positif
308,"barangnya nggk sesuai bngat dengan gambar nya
bahannya tipis, transparant. kurang layak kalo mau dipakai ke tempat umum",1,negatif
309,"order 2 barang. yg satu mulus sesuai. satu nya lgii sayang mines.. tdk sesuai expetasi. hijab nya gag di pasang renda hitam nya. hanya polos begitu saja. 

sedih klo beli gamis banyak sering kalie.. yg satu barang pastii mengecewakan. klo gag tipis, kurang jait, atw potongan bahan gag sesuaii. ",3,negatif
310,"trmksh kaseler bajunya udah sampai.. relpic sesuai pesanan.. pengiriman cepat katanya cuma 2 itu pas  bener banget.. tingkatkan trus pelayananya. pokoknya top deh.. jangan nyesel belanja di toko ini selernya amanah.. trmksh lazada mksh seler tuk bang kurirnya udah langanan

",4,positif
311,"kaka .. barangy dah dateng.. pengirimany cpt cuman 3hri dah nyampe.. cuman bahany tipis agak nerawang,padahal hargay beda.. cuman sama tipisy ",3,negatif
312,tolong kl mau kirim dicek dulu..ini ada nodanya..kl gk bisa hilang ya saya yg rugi..jahitan agak kasar..ini ulasan jujur gk ngada2,2,negatif
313,"mantap bajunya
istri saya sgt suka sekali ð",4,positif
314,"sangat kecewa karna lain yang dipesan lain yang dikirimkan padahal pesanan orng
",1,negatif
315,"warna:sesuai pesanan
tampilan:ok

saya sdh pesan 2 dan sesuai pesanan. amanah dan ok bgt",5,positif
316,"tampilan:barang nya ok,,gk tipis cuma ada noda du bagian celana depan dan belakang tpi gak papa,,lumayan lah buat sehari hari mah
warna:saya minta warna dusty pink tpi yg nympe lilac",1,negatif
317,"warna:navy
tampilan:oke

paket sudah sampai,bagus cuman tipis,ntar di rangkep kaos klo makai,terimakasih",5,positif
318,pesen nya warna coklat yg datang klu menurut sy si itu warna krem bukan coklat,1,negatif
319,"warna:abu

pesen warna abu yang dateng warna hitam",1,negatif
320,"tampilan:bagus
warna:sesuai",5,positif
321,warna:kecewa bgt mnta wrna merah dkirim ungu,1,negatif
322,barang bagusss. seller amanah. yg dikirim sesuai apa yang di pesan..... pengiriman cepatt sekali,1,negatif
323,"sepadan dengan uang:jelek kaya baju harga 10 ribuan
jangan mau beli baju di toko ini sumpah jelek banget kaya baju harga 10 ribuan, tipis banget dan gak amanah juga pesan warna abu yg di kirim warna dongker, masih mending walaupun kualitas jelek tapi warna sesuai jadi sedikit amanah.

buat kalian yg mau order disini mending gak usah kalau kalian gak mau nyesel",1,negatif
324,"saran tampilan:gdhd
kualitas:hs
styling:hd

yg d.pesan warna abu yg datang warna navy..ð
tdk ada konfirmasi dulu kalo barang.nya d.ganti",1,negatif
325,"styling:jelek tdk puas
kualitas:tidak bagus
pas untuk acara:enggak ada pantes  dipakai untuk acara",1,negatif
326,"kualitas:biasa
sepadan dengan uang : murah
kenyamanan : kekecilan untuk badan ku yang ukuran bb 67

kekecilan tidak muat untuk bb 67",1,negatif
327,"sepadan dengan uang:apaan sepadan
pas untuk acara:gak sesuai
styling:beda banget

kagak sesuai dengan model nya mana robek lagi bajunya",1,negatif
328,"sepadan dengan uang:iya
kenyamanan:kurang nyaman

katanya ld 115,tapi kenapa ya gak muat cardi nya, saya ld cuma 105 .
tolong perhatikan lgi ya, saya sudah nengok deskripsi sblum membeli tapi yg datang kekecilan",0,negatif
329,"kualitas:bahan tidak sama seperti di gambar

warna kurang pas pesan coklat datang coksu tapi tetap bagus suka kok",1,negatif
330,"saran tampilan:bagus
pas untuk acara:pergi saja
kenyamanan:nyaman bngt

bagus sesuai gmbar sesuai juga dengan harga y baju y muat celana y ketet bgt tp gpp lah bagus juga",1,negatif
331,"styling:lumayan
bahan tipis sesuai lah sama harganya..
pengiriman cepat
kurir ramah baik",1,negatif
332,gk sesuai warna yg di pesan....sangat buruk pengiriman jg lama.,-1,negatif
333,"kualitas:baik
saran tampilan:warna nya bukan maroon . tp merah biasa .",1,negatif
334,"kenyamanan:bagus
kualitas:baik
saran tampilan:mantap

salah warna nya tpi bgus",0,negatif
335,"sepadan dengan uang:lumayan sesuai harga
styling:kurang besar",0,negatif
336,"sepadan dengan uang:tidak
kenyamanan:tidak
saran tampilan:lumayan",-1,negatif
337,"pas untuk acara:-
saran tampilan:nerawang
kenyamanan:-",0,negatif
338,"saran tampilan:bugus
pas untuk acara:ap saja

bugus sih.. tpi kain nx tipis dan baju nx pendak lagi...",0,negatif
339,saran tampilan:tak sesuai dgn gambar sangat kacewa,0,negatif
340,barangnya sudah sampai kirain barangnya sama warnanya kayak di foto ternyata tidak,1,negatif
341,"kualitas:aku pesan,hijau,yg datng malah warna ungu",-1,negatif
342,"pas untuk acara:jelek
saran tampilan:jelek bahanya",-1,negatif
343,"saran tampilan:bagus
kualitas:bagus

apabila warna yang dipesan habis, segera konfirmasi lah, jangan asal kirim",1,negatif
344,"pesan warna apa dapatnya warna apa, padahal pesan warna navy dapatnya warna hitamð©",-1,negatif
345,"styling:pesanan sudah mendarat dengan selamat..
kualitas:hmmm kwalitas gak banget ð¤­
pas untuk acara:malu makai nya ð¤­",1,negatif
346,"sedikit kecewa di pesan abu2 kok yg datang warna hitam,",0,negatif
347,"kualitas:jelek
styling:jelek

tidak sesuai harga bahanx tipis dan jelek",-1,negatif
348,"kenyamanan:bahannya tipis terawang ð¤£
saran tampilan:celananya terlalu pas banget klau mau duduk takut sobek",0,negatif
349,"pas untuk acara:bagus
saran tampilan:bagus
kualitas:bagus

alhamdulillah amanah",1,negatif
350,"kenyamanan:tidak sesuai do gambar
sepadan dengan uang:kainya tipis, tidak sesuai dengan uang",0,negatif
351,hanya saja pengemasan nya berantakan didalem nya lipatan nya gak rapi,1,negatif
352,"kualitas:kain tipis
kenyamanan:kurang

pesanan gk sesuai",1,negatif
353,"pas untuk acara : di rumah
kualitas:kurang tidak sesuai order warnanya

kecewa gk sesuai ekspetasi dan gk sesuai warna yg saya order",-1,negatif
354,bahan lumayan bagus tpi kecewa siii yg d psan warna army yg dtg mala warna ungu,0,negatif
355,tampilan:bahannya  sesuai lah harga 20ribuan,-1,negatif
356,"maaf y sblumnya,kirain kaya toko sblumnya aq beli,mw coba toko deket eh ga sesuai kaya baju untuk anak2, padahal mw jd langganan,,nyesel,,baju nya aq kasih orng",0,negatif
357,"warna:tdk sesuai dng yg diposting diberanda, agak kecewa sih, tapi ush terlanjur dipesan",-1,negatif
358,"kecewa di gambar bahan cringkle,, datang bahan ny kaya gitu",0,negatif
359,tampilan:bagus baget sesui d foto,0,negatif
360,"tampilan:jelek
warna:ok",-1,negatif
361,tampilan:bahan sesuai pesan nya celana datang nya rok tidak amanah,-1,negatif
362,gjeas bangtbsiii ulasan udh di terimanya barang ya lom di terima aneh,-1,negatif
363,"pket smpai.. lama.. 
brang datang cacat robek sngat kecewa. 
jgn cri duit klo juaalan.. cari berkah.. jgn nipu orang.. gara gara mnipu orang.. planggan smua pergi.. kecewa.. mnaa tipis kcil..... sngat kecewa. dan kecewa blnja ditoko ini",2,negatif
364,"receh bgt ya,
tumben ya produknya shopee tdk berkwalitas gini? 
ð­ð­ð­ð­ð­
ini produk tdk layak pake sm skli ya..... 
mn kwaliti kontrolnya.",2,negatif
365,barang sampai tapi cacat jahitan nya jelek sobek tapi sdhlah barang  murahan juga harap maklum,2,negatif
366,bajunya ok sih...tp sobek...sebenernya suka tp jadi kurang suka karena sobek..trs ada nodanya dibelakang,2,negatif
367,"tampilan:bagus
warna:bagus

maaf ya kak saya kasih bintanhlg 1 karena tidak sesuai diskripsi, katanya bahan flanel ini yabg dateng jersey tipiiiis banget menerawang, jahitan tidak rapi, benang dan kainnya beda warna",1,negatif
368,"ukuran xl kecil banget ,bahan jga tipis gak sesuai banget ,nyesel deh dah bli",1,negatif
369,"paket datang dgn baik 
cmn bahannya tipis dan terawang jd hrs pakai daleman ð
cmn gk papa lah makasih ya",2,negatif
370,"maaf kasih bintang 1 kain sih lumayan buat harga segitu, gak realpict banget jaitan banyak rijek bolong amburadul
lain kali kejelasan bahan dan jaitan diperbaiki lagi",2,negatif
371,"gak sesuai ekspektasi, ukuran kecil ga muat di badan dan jauh banget bedanya sama di foto. padahal badan aku terbilang kecil dan kurus tapi tetap aja ga muat, jauh banget. itumah kaya baju buat anak kecil usia 5 tahun",2,negatif
372,gw beli 2 pcs yang satunya bolong di bagian keteknya kecewa bngt pdhl itu orderan orang rugi bngt gw ukuran kecil dan kainnya nerawang kecewa bngt gw ð,1,negatif
373,"tl0l gmn si masak ukuran nya ngk ada pas sampe mlh seukuran anak sd ngk jelas banget si ,jangan beli d sni ngk jls barang nya",1,negatif
374,kainnya tipis banget mana kekecilan lagi pas sy pakaiðbeda banget sama iklan tapi ap boleh buat mau nggak mau harus di ambil.mksih.,1,negatif
375,"warna:no belike
tampilan:gak oke

ah nyesel x beliknya bahanya tipis kayak saringan teh
uda gitu kurirnya perkara 1.000 aja pun dipermasalahkan",1,negatif
376,"masya allah ajj yaa bahan nya super super tipis, apa hrga nya yg emang murah bgt smpai segitu nya juga tipis.",2,negatif
377,"pengiriman  sangat berbeda dengan foto nya,ukurannya kecil sekali,udh saya pilih metode ukuran nya xl kenapa ukuranya s",2,negatif
378,"kecewa sangat baju sangat2 jelek,. 
seperti kain lap,. jahit tdk rapi makanya tidak dikasih nampak baju,.",2,negatif
379,"kecewa ,tidak sesuai pesanan baju kecil ,pendek,dan robek juga dekat pungung nya",2,negatif
380,"bahan kasar dan tipis, tidak sesuai diskripsi. 
kl dipake kainnya panas banget.",2,negatif
381,"bahan nya  kurang bagus,  baju nya tidak sesuai yang kita ingin kan",1,negatif
382,"tampilan:bahan tipis ngak kayak di foto kelihatan tebal
warna:cocok",1,negatif
383,serius gak cukup sama ukuran badan pliss bahan nya tipis mau nangis gilak,1,negatif
384,baju tidak sesuai ekspetasi terlalu kecil dan bahannya tipis bgt looooohð,1,negatif
385,apaan jelek kli pun baju nya yah sesuai si dngn harganya  terimakasih,1,negatif
386,"pengiriman lambat sangattt,bajunya tipis tapi sesuai lah dengan harga",2,negatif
387,kualitas produk kurang baik tapi ya sama dengan harga nya,2,negatif
388,tampilan:tidak sesuai ekspektasi,2,negatif
389,"bahan tipis , jaitan kurang rapi ,bolong  lagi",1,negatif
390,"jahitan ga rapi,kain tipis, baju nya bolong",1,negatif
391,kecil banget baju nya kayak baju bayi sumpah ga sempet moto sih langsung ku kasih ke ponaan,2,negatif
392,jeleeek bngt...udh kya elap...jeleek bngt bhanny..kecewaaa bngt beliny,1,negatif
393,bahannya tipis banget ga sesuai sama gambar sedih dan kecewa banget ðð,2,negatif
394,"tampilan:bahan tipis cocok la untuk harga segitu

ð",2,negatif
395,katanya flanel ternyata bahannya kaya kaos bola tpis,1,negatif
396,produk tidak sesuai gambar sungguh mengecewakan sekali,1,negatif
397,ah tipis lebih kaya anak sd,1,negatif
398,bahan terlalu tipis cocok lh dgn hargað,1,negatif
399,"tampilan:bagus
warna:cantik sih",2,negatif
400,kirain kain nya tebel kayak di fto,2,negatif
401,gak sesuai ukuran.malah ke kecilan,2,negatif
402,"produk sesuai harga, mantap lah",2,negatif
403,bahan tipis uda gitu gak sesuai,2,negatif
404,bahan tipis talinya g ada .,1,negatif
405,lama bangettt pengirimannya tp gpp,2,negatif
406,tipis banget nyesel,2,negatif
407,yyyuuiiooooooooookmmnnhhgfss hiv green hiv usb hub green hiv green hiv green hub gan gin tren hiv greenhjjjbbvgjn,1,negatif
408,nyesel beli disini tipis dia aku kekecilan kecewa pokoknyað­,2,negatif
409,bahannya tipis banget,2,negatif
410,tampilan:ko tipis ya bahan nya sesuai si sama harga,2,negatif
411,"tampilan:tidak sesui dengan di  gambar banyak yg robek""",1,negatif
412,pesan abu abu datengnya ungu,1,negatif
413,"sepadan dengan uang:sesuai harga ...tapi gc sama dengan contoh ..
pas untuk acara:untuk sehari hari
kualitas:sesuai harga ...tapi jahitannya gc rapi banyak yg lepas

lengan nya terlalu ke bawah ...kurang menarik menurut aqw",1,negatif
414,"bahan tipis banget, di aku nerawang, terus kecil lagi",2,negatif
415,kurang,1,negatif
416,mayan.,2,negatif
417,"pas untuk acara:apa sja

bahan tipis",2,negatif
418,tampilan:najis tipisss jangan dibeli gasesuai,1,negatif
419,warna:celananya bagus yg saya tidak suka dengan bahan bajunya kaya bahan payung â,1,negatif
420,bajunya bahan panas. celananya bagus . gambar sesuai sama di foto,1,negatif
421,kain bajunya jelek dan celananya agak kekecilan sama saya,2,negatif
422,nan,2,negatif
423,"warnanya sama, masalah kecocokan foto dll ga peduli, tapi bahan bajunya yg tulisan di deskripsi ""blouse"" bohong bahannya itu parasut, lo taukan parasut kek gimana? kena ujan kek bunyi kresek.

bahan bajunya tertulis blouse?
bohong banget, bahan parasut.

celananya yg blouse, bisa bedain gak?

kalau nyuruh return males gue, ribet.


kalau protes karena gw ngasih bintang 2, lo perbaikin dulu tuh deskripsinya, aneh!!",2,negatif
424,"kenyamanan:tdk nyaman
pas untuk acara:tdk pass untuk acaraa
saran tampilan:gk bguss

gk baguss ajg bajunyaaa kek kerasss,bngt apalagi celananya tipiss bngtt kebuang uang aku 65 ribuuu belum lagi diomelin am mama pokonya gk bguss                     minimal harganyaa sama kek kualitasnya ini baju udh jlk",1,negatif
425,"ko datang bajunya warna putih yaa, tapi gapapa lah",2,negatif
426,"ada robek di bagian ketiak mang, sebaiknya klo mau kirim di cek dlu barang nya",1,negatif
427,"sepadan dengan uang:tidak sepadan dengan harga
kenyamanan:tidak nyaman
styling:tidak

kalau nggak minat jualan jangan jualan... 
jahatian nggak tapi bahan tipis pokoknya tidak sesuai, 
terimakasih",1,negatif
428,"kalau mau packing mending di cek dlu barangnya jangan asall kirimmm.
pesanya warna apa yg datang warna nya apa!!!
kecewa beratt!
packing elit
teliti sulit",1,negatif
429,"saran tampilan:kurang
pas untuk acara:gak
kualitas:biasa aja

bajunya gak sesuai ekspektasi tp wajar lah harga segitu kresek kresek bajunya",2,negatif
430,lain kali kalau jualan yang jujur dong kak.  masak barang bolong gini dikasi ke pembeliii.,2,negatif
431,toko tidak amanah pesan 7 one set cmn dikirim 3 yang 4 tanpa celana komplen tidak di proses semoga kejujuran tokonya di lakukan,1,negatif
432,gaa real pict sii masaa aku pesennyaa putih hitam malah dikasih warna celana warna hijau trus kainnya gaa memuaskan,2,negatif
433,"kualitas:lumayan

warna yang di pesan sesuai, kurang suka sama bahan baju nya, tapi gpp worth it buat harga segitu",2,negatif
434,"bju nya lumayan lah cmn celana nya ga bisa dipakai,,jahitan nya ga rapi,,terpaksa hrus pakai dngn celana yang lain",2,negatif
435,"yang d deakripsi produk smaa baju,,,yang datang cuma celana aja,,,,gak usah klen blanja dsni we,,,nyesall kali,,,ð¥ð¡",1,negatif
436,"kenyamanan:pesan nya 2 stelan dtg baju satu celana 2
kualitas:tidak amanah
sepadan dengan uang:kalo barang tidak ada mesti ada pembalikan uang donk.. ini harga sma tapi brang tidak sesuaið

gimna nya ini. toko tidk amanah .. pesan 2 stelan yg dtg 1 stelan 1 clna ððð",1,negatif
437,"sepadan dengan uang:buruk

pesen baju stelan dateng nya baju nya doang 
lupa di video kan sih 
gak amanah bgt sih",1,negatif
438,"saran tampilan:lumayan
kualitas:aman
kenyamanan:nyaman sih

maaf ka bajunya kok gk ada kancingnya? tipis banget ð¿",1,negatif
439,"sangat buruk toko ini, yang dipesen warna hitam sama putih, yg datng mlh army sama putih, malah bajunya sobekkkð¡ðµ",1,negatif
440,"saran tampilan:tampilkan buruk, bahan tipis+jelekð
kenyamanan:bajunya gak serep keringatð
styling:burukð",1,negatif
441,"sepadan dengan uang:lumayan
saran tampilan:baik
kualitas:baik tpi celana kurang bgus",2,negatif
442,gk bagus banget bajunya udah sobek kok masih dijual sihð°ð¨ nyesel banget aku beli di toko ini,1,negatif
443,"kenyamanan:bawahan nya kebesaran nggak cocok
sepadan dengan uang:tdk
kualitas:7/10",2,negatif
444,"celananya kekecilan terus jaitannya nggak rapi,miss v terbentuk klo pake celananya",2,negatif
445,"kenyamanan:pesen baju buat anak yg dtng mlah sagede gaban
kualitas:lumayan,,,",2,negatif
446,"saran tampilan:baju nya jelek
kualitas:celana ny sesuai hrga lh tpi bju ny kek sampah",1,negatif
447,"saran tampilan:biasa

bahan kainx tipis(menerawang) dan bajux terlalu kecil",2,negatif
448,"kenyamanan:kurang
pas untuk acara:ga ad

bajunya terlalu pendek dan celananya tipis",1,negatif
449,"kualitas:lumayan
styling:sesuai harga sih
kenyamanan:enak di pakai  sehari hari",1,negatif
450,sepadan dengan uang:ya mau gk mau nama nya murah gk kn sma dgn yg harga nya yg sepdan. kain nya panas. tangan nya gk pas d ketika,2,negatif
451,kalau bajunya bagus tapi kalau kulot nya jelek tipiss dann besarr sekali,1,negatif
452,"styling:not worth buying
kenyamanan:ga nyaman ,bajunya kyk bahan payung",1,negatif
453,kenyamanan:bahan bajunya tidak nyaman dan panas kalau di pake,2,negatif
454,sngt bagus bajunya trmksh shoppy dn untuk kurirnya hti2 d jln,2,negatif
455,"kenyamanan:lmyn
saran tampilan:bgs, cma tps bhnny
pas untuk acara:pas",1,negatif
456,"saran tampilan:jahitan nya gx sesuai,, celana dan baju nya pada robek",1,negatif
457,kualitas:tipis kayak kain lap tapi lumayan la sm harganya,2,negatif
458,"barang jelek 
baju nya lagi kayak jas hujan
celananya brantakan",1,negatif
459,"kualitas:sesuai harga

bajunya kecil gak muat nyesel belinyað",1,negatif
460,"saran tampilan:lumayan
sepadan dengan uang:sepadan
kualitas:lumayan

pesen putih di kirim hitam hadeeeehh gimna sih ga amanah",2,negatif
461,gimana ni ka saya pesen 2 yg dtg 1.. saya bayar 2 loh ka..,1,negatif
462,yang dikirim bajunya beda sama yang datang kecewa bangett,1,negatif
463,sangat kecewa bgt sih belanja disini saya pesan 2 yg dtg cuman 1 mana bayarnya dua lagi admin ny juga ribet,2,negatif
464,"ga sesuai sama yg saya pesan, katanya one set pas datang kok cuma celana? kecewa bgt si
jelas jelas saya pesan nya yg one set yg isi nya celana sama baju tapi yang dtg cuma celana",1,negatif
465,"jgn kegoda sama murahnya ð
kualitas jelek banget ð",1,negatif
466,"saran tampilan:jahitannya kurang rapi
kualitas:standar sesuai sams harga
styling:kurang puas

lumayan kecewa sama bahannya, tapi gapapa lah sesuai harga juga bahannya",2,negatif
467,"saran tampilan:kk coba di cek kembali pesanan saya,saya pesan 4 pasang yg datang kok cuma satu pasang gimana ini kk padahal lebaran mau di pakai.saya gak mau tau ya kk tau nya uang saya kembali kasian sama anak saya dan teman 2 nya gak bisa pakai baju sama.saya ingin uang saya kembali ya kk.kalau tidak ama toko ini akan saya viralkan",1,negatif
468,"baju ank 10 thun kok yg dtng baju emk"" gede bngt ,,gx sesuai bngt sih asal bngt jualan y",1,negatif
469,"pas untuk acara:cuaca dingin
sepadan dengan uang:iya
kenyamanan:panas banget bahannya",2,negatif
470,"sayaa kecewa berat

saya beli duaaa di anter cumaa satuuu gimana dong ada yg bisa bantu",1,negatif
471,"saya pesan 2 ehhh yang datang cuma satu pdhl kan byr nya 2 brng saya minta pertanggung jawaban nya, respon lama lagi kan org rugi jadi nya",1,negatif
472,saran tampilan:bagus sih tapi kenapa panjang pendekk bawah nya,1,negatif
473,"tokonya gk amanah barang yg dikirim tidak sesuai dengan pesanan
saya pesan setelan kemejanya gak dikirim",1,negatif
474,"saran tampilan:c
kualitas:c

kain bajunya keras banget,jahitan celananya gk rapi sama sekali",1,negatif
475,hati2 kalu beli di toko ini.ukuran di deskripsi gak sama dengan yang diterima,1,negatif
476,"jahitannya ga rapi, bahan nya jg jelek ga sesuai ekspetasi",2,negatif
477,"maaf ya kak,aku gk tau kayak gimna barang nya,barangnya ngak sampai sma aku,aku tanya sma kekuarga juga gk ada yg nerima paketnya,jadi aku ngak tau gimna produk kknyað¥°",1,negatif
478,"kenyamanan:lumayan
pas untuk acara:cocok tpi baju nya bau min tpi enak kok di pake ð
saran tampilan:menurut sya celana nya jgn terlalu longgar bawah nya",1,negatif
479,"styling:b aja
kualitas:kain nya tipis bgt
kenyamanan:panas dipake",2,negatif
480,"saran tampilan:tak sesuai,baju kaku ,celana gak sesuai",2,negatif
481,"kualitas:hareudanggggg
sepadan dengan uang:ya
saran tampilan:menarik

baju nya bahanya payung / anti air . hareudang hareudang panas dan hareudanggg .",2,negatif
482,"celana nya lumayan si bisa di pake sehari hari, baju nya ada yang kotor, trus nerawang",2,negatif
483,"sepadan dengan uang:barang sesuai dengan hrga lah ya
styling:gk terlalu suka bajunya, soalnya bagian bawah karet
kenyamanan:lumayan lah",2,negatif
484,"sesuai sama difoto sih tp ga expect kain bajunya ternyta kyak kertas gtu dan kyaknya gampang luntur, pengirimannya jg agak lama",2,negatif
485,pesan warna hitam sama army dateng nya 1 warna aja gimana ini kk,1,negatif
486,"pas untuk acara:pake keseharian
kualitas:tipis
saran tampilan:-

tipis tapi cocok si dengan harga segitu",2,negatif
487,"styling:?
saran tampilan:kurang 1
sepadan dengan uang:tidak

mba ini mksdnya gimana ya tulisan nya setelan tp ko cuma ada celana nya doang baju nya gak ada",1,negatif
488,"tidak sesuai pesanan 
pesennya putih hitam, datengnya hitam hitam",1,negatif
489,"ps nyampe sih bagus,kong ps d cuci bajunya jahitannya trlepas""
pdhl bru 1 kli cuci aplgu klw udh brkalii""
llu celanany ad noda' llu susah banget kluar
duhhhð ð",1,negatif
490,"kualitas:jahitan mleyot2, pas di lengan ikut kejahit jd g bisa dipakai",2,negatif
491,"kenyamanan:kaya payungg huaaað­ð¤£
kualitas:ga bagus tpi bagus sih ah gatau deh",2,negatif
492,"tampilan:bagus tapi celananya sobek sedikit
warna:bagus",1,negatif
493,"sangat buruk, saya bayar 2 co 2 tapi yang di kirim 1, waktu live saya coba tanya, katanya suruh kirimkan video unboxing, waktu saya kirim video unboxing nya, tetapi tidak ada respon sama sekali.",1,negatif
494,"tampilan:celana tidak sesuai foto  jahitan jelek

untuk warna pas aja sesuai foto",2,negatif
495,"warna:sesuai

baju nya ke kekecilan, bahan nya kyak bahan payung",1,negatif
496,"styling:setau saya kalo beli ini satu setel,eh pas paketnya dateng tk bukak cuman baju ga ada celananya",1,negatif
497,"tampilan:bahan nya panas malahan kaya jaket
warna:warna nya si sesuai

kecewa banget si. di kirain nya bahan nya bagus gatau nya malahan kaya jaket gtu bahan nya",1,negatif
498,"bahan bagus tapi syg banget kurang amanah yang di pesan 2 psang yg datangnya 1 pasang ,sementara harga yg di bayar seharga 2 pasang kecewa banget si padahal disitu tertera 2 pcs tapi yg ad di dlamnya cuman 1",1,negatif
499,"wearing comfort:gak nyaman
value for money:harga murah
suggested look:tampilan sih oke

buat kalian yang penasaran boleh dicoba tapi jangan nyesel, soalnya bahannya tuh kurang bagus gitu. bahan bajunya kayak buat gorden. terus celananya tipis banget. pas nonton di live tuh yg di review keliatan bagus gitu. pas udah co kok gak sama kayak yang di review pas live?buat pelajaran aja ya jangan tergiur dengan harga yang murah. buat sellernya lain mending jualan baju yang emang punya kualitas biar nggak ngecewain pelanggan.",1,negatif
500,"saran tampilan:baik
pas untuk acara:jalan2 aja

bajunya bagus, cantik, keren dechh.. maksih cuman pngirimn sangat lama lebih dari 10 hari",2,negatif
501,tidak sesuai yang dipesan,2,negatif
502,"sesuai harga,,agak tipis bajunya",1,negatif
